sourceId,age,name,addressId,address,residencyStartDate,residencyEndDate,parentSourceId,parent,type
fe7c0883-f036-4910-9128-c32b6fa1201e,6,Dominic,4257a0c4-1890-4ab5-bafd-152870e078dc,{-o{Gs1C-KyLAnR@Z2@0j)xs$o2Ex&!d`\""siw5R,2010-04-29,2013-03-02,c4e46d04-3558-4a5e-ab91-7bc46b2740a5,Benjamin,n
3d545638-9a6c-4480-abc7-09df75ee64c0,97,Mario,5a71186d-db4a-446f-b78a-b72bbc679693,NSLei:CTzn%_@q>$n86.VpTCh/}pQ8WD-7[`rB}G,2002-07-11,2016-08-20,e67de5a8-1490-407e-b510-b7c61774f3f0,Edwin,_
618c0f34-75f0-4c8b-a504-85c59ae0a439,86,Cameron,e4c84c89-35b3-4580-8099-965557047461,p^cJesF)lF+[$a+fu6P_cz;Fj|QVm#7S6Qa}d'sL,2009-02-26,2015-06-03,c16ce0e0-23d9-4972-874b-4a546b7d27c1,Juan,A
04430444-b580-459c-b38f-a7453304a4f6,95,Danielle,bfe2a0a6-99f0-4c68-a933-1840decf13cd,$>GutB7'!*.t2""E/O=>Qm|K!Y3+*tIs>fI7jZP]9,2011-03-05,2017-07-07,f13ab8ca-4f3f-4792-92ed-2e46fa753ffc,Danielle,/
224be00b-3ddc-47dc-be11-9c4efa5f5968,39,Logan,d68e3c4b-99d0-4c49-966f-6bda1f640e5b,YaX`F)xh5QHblyr(#]ABE!IPt`1OYt>y>K}k`9G:,2006-05-22,2018-08-21,c1aa9905-f09c-4a65-91d8-4470017bcba4,Mackenzie,J
776b261c-ad7c-4c98-bf66-8ce4f00b8d88,27,Brady,73f44d8b-5ff2-4ccd-8904-a0a6ab232ff3,":421eCFB4zdW6T)o'%o*6/ME5V,x,6Z90gpW%dS>",2003-08-25,2014-06-18,910f478f-2964-4ab5-8c18-d66a364ab66e,Brayden,:
f0133c49-17e9-4e31-baef-a0d791c6574b,21,Kyle,6cd56695-4761-407b-9c25-0c1509dd5e05,zw=BBTGE2<>z-={GbIG`[?Lqb&U_i.zFyG}Zet)j,2003-08-23,2017-12-22,44f2ef5b-2ee0-4718-bb12-d5b805e4d4ad,Jordan,6
4b8df29e-9d95-4657-86ac-f897ec166df4,71,Summer,1b9bd361-4cb3-4d2d-8085-d5d115d0bb7e,Z9J[<q@wRpN0gID^\Mk(+k1q{TKQF"".}3b_OHS)s,2012-01-29,2022-09-11,7b025c19-61dd-4c8d-b594-373440f8a834,Dakota,e
2e7bfba0-7e78-4ed3-84ed-40f43e289b49,34,Brody,4fe7da48-0401-4cad-8f14-ccb217b2e841,%OQ%<&+Z/]ilmb-\+@^z@$zn+EfGj!TO4'l.1aD0,2000-01-16,2013-05-09,52bd3a75-804e-47c7-82c3-6d5b239314d9,Savannah,I
7a2b36dd-efd1-42a3-833b-0961eada8852,33,Abraham,73828cca-c184-4f7c-8294-425c5cade1ec,]-""L6jOfy'Ku$8o@%O}ls4@+F+/=3uHef+_tOC2i,2004-07-10,2014-11-28,f3ff93ef-24e6-4793-99a6-982bb7a9a4b8,Brooklyn,9
b2110541-1df7-4021-93a9-e373ce84aa02,89,Kaleb,eed531b7-0875-49fe-a036-aeef7de715f8,"fZ+\MHP7E|`4Qq@`4X:|s6awB(2zJyyM%*C2t,|\",2008-11-10,2016-10-11,cdaf28cd-53f2-48f8-b071-4fa656142756,Sofia,n
4e147c5e-57a8-4069-b74b-ae01ef65b57d,44,Sean,7e718c62-172e-4d93-a2f9-127dd820b0c8,dL""$v9C|Sf_g=tu8Z:P{s'FUbK+lCpg[f7T$;R:3,2010-05-24,2015-10-26,7b77be28-82d4-4eed-83b8-f5665a29b850,Sophia,`
300c52c3-3388-426a-8ce5-79ce226086f3,47,David,4a3959fb-cccd-4e6c-99dc-7776832c9eb2,'l]?B?vt=/Vp7&VmQ&iU_J2/-!c-+Y@)];nCs$k*,2003-04-05,2017-07-08,0e428235-2129-4b0a-9b88-51286657cc95,Bailey,Q
2ab61d87-17ce-4c2b-b245-5c89d014b8e6,95,Gabrielle,1a493949-f0a3-454a-b39a-0c9e1fca3068,):|-4h6CW[_j/4#MU67C=:;r$MCeKTlAwg2w;0Gg,2003-01-10,2013-04-05,18cad539-1ecf-44be-8f66-5080410c8d65,Samantha,y
4b35bdc8-50ed-4a09-8d83-c77bf9d94e0f,26,Giselle,36fc8f93-bc34-497f-af48-392f1db1f261,NO^CQ&IXQwwA>Q{&pcj\YZTK=Y@Q(kY}-w3I<stR,2002-01-18,2018-11-30,12dd3bf4-8ad2-4a9f-a83b-b76449b646b9,Emmanuel,-
5a707735-4201-4360-8c1f-4f1c78760f0b,6,Alexia,628cf99e-54a0-403d-9def-960c2eb7f03a,lDmTDDX64l%Fn$y-/]RE3ty#5uoy1BhZ/OB}B!9A,2011-12-02,2021-02-06,fe9e5126-9278-4882-aeec-2cab2aa3b0ed,Brayden,m
1b92bb84-8850-49cd-a361-87a92a48fb60,22,Francisco,d04eceff-ff18-41fe-a80e-afe738de6720,O|K}x:)[k&#M)5tS'<Q_P_dCe`glZKjdMm;;$`r#,2005-06-04,2020-02-01,ed3438a2-19bd-4a89-8088-c4de4bdcfb1f,Alexis,!
67ec3695-7a6f-466b-9c39-e5a2de300bb1,42,Tristan,84ec73d3-0ac3-44c4-8239-c8fec0e83650,/g7Se\8@b%NEk::y1um\%@.GH4P|EW7E&Dn\[mR1,2006-10-12,2018-06-12,8bfbb1b1-49ff-453f-8666-dc66fe28ead2,Jacqueline,d
3d6dca37-151e-4895-808b-eea575162523,35,Maria,8b9e8936-42ab-4946-97e8-7095c97d4bc2,AelL8\Km-Sqt*.b-Q\Z0c:|"".UwKxQVR=0wgSsOZ,2012-06-17,2020-10-06,53424b85-b1bd-4846-b0ea-7849fca5a503,Lydia,?
afb61c87-2d17-4aaa-bc0d-d9f302524a41,99,Brayden,8bf04710-a63c-42a3-95bf-52a2dd5921f0,yrOQeNUVq<U<7m$[#_$S<uOY=@zt>*')2R9v.FHU,2007-10-05,2022-06-08,fc3f6fc8-aaa3-4058-b9b2-a4db44248eb0,Nicole,/
7fab6be6-d6de-4a92-8c12-86c18af56e3a,88,Fernando,6e3f0e58-e76e-46f5-bfe5-75619ba26bb5,K31-Bxr/|2twirItI9|/Q@hmFA*!.j%""FHDygW4l,2003-07-23,2019-12-07,845b26cd-ca87-45de-9a38-09a8ba767552,Trenton,U
52eed7c9-62e4-40de-bc7d-37273481a7ed,68,Karina,9f5b85c4-96df-4c90-85a3-61bdf2d9efe2,Fc6)JZZ2%c-:B7HFa&_\S<Mz{o:w;P?L7uXIb+.a,2003-05-08,2022-01-26,c743a4f0-15c4-44df-bc12-0f9d52e7b55f,Alexia,k
a55d7510-c361-482f-a013-530bdd8090a8,60,Preston,cce9f154-8db9-4182-918c-434b10802e8d,"x,=$RcPla*BdQM_,IG9&*]""xK<KG?bYU,W,pq44J",2012-12-24,2013-06-29,901eb47b-291d-4112-8f23-b0ed0484cde1,Liliana,K
f2a5b87c-476a-4ee0-8f6c-4c3cc6ea558e,66,Madeline,5636eab7-e4d7-409b-bda6-1ef5adfe9f22,"5F0jQ$n2,!Kx_dP/]@Pt'A9utcg+l.+.4oQEaD=Z",2008-02-10,2022-12-25,03c38fc4-f0ee-4849-8e0f-e5f296e15d88,Nicolas,j
da58c466-a264-457a-9fdd-441f4eaf8d5d,99,Elias,cb5bef1d-aca3-4b48-b256-8077846675b2,".NZWb:_X/:\?0h^5*GpD;;B#GRz/&-GuNSRc,ulU",2008-08-04,2022-09-09,b8e945c5-bc1a-41aa-91bb-36570e5ac1c3,Taylor,s
67844b40-74d4-488b-a11a-d31f513d174b,73,Ariana,02b26016-1122-4c3b-a808-f869bc405fa0,"iF{G#;t4YxJjZ#)[!Xs.o,66W.4bmi!IC#FIis\E",2004-01-23,2013-04-03,dc8a6973-a7d1-4802-a9a0-c841bc65f4ee,Andres,Z
cb92b438-d0f1-49f0-a4cd-0a2c17f7f000,81,Alexa,8c6ff330-f064-4510-8f86-7757158cd293,"4su#WbD/I5pJZ(@""/[$1qw%NtE/$<4kBy""^E(0,U",2011-09-17,2016-10-12,2cba6492-2a1d-4b59-9d72-b0da16a26b25,Samuel,i
cf663b26-c309-41c0-b8ef-b0f3992a0d8c,30,Valerie,3ef079b0-ebfd-4727-95d9-c3771d10c476,[8q;`mdufg:B!Zv9FQ?$*1Y&BQ`r`XNBxyjYbj9/,2006-01-25,2013-08-08,071a582a-a045-45fe-9f08-bf371c9856e8,Damian,T
b2c1fd86-d66b-4c57-9cb7-024c36564959,66,Juan,ebb34eed-71f4-4eaf-888f-7f8c1fe16282,""1X.4f@Du|""E[d/moMSp!0w6_HW]qd*i2%Jr""kY=,2007-04-26,2021-11-18,b07bcbf1-0c3e-4c07-bc63-fd030390cb51,William,3
c444cf48-412e-42dd-91e4-2219a9790d99,71,Gabriella,bb89bd76-819c-4729-9fa8-70134ae4d0c1,-T[K0Panqe}G3=[ZbmTI1H;RNMuWZ8_?zz_YO>Ey,2002-04-18,2014-07-21,67d0af04-e839-4460-a697-80520d9bea68,Leslie,","
eb29241c-8d16-4e10-8267-dbe8ffaa1c84,18,Ana,2c259181-a209-4550-84ec-9246a1aac261,|=$HX}x4AmcHx!QR5sb1z&`}+R"".`Lt/N^h%tMdx,2006-11-14,2014-04-08,76f046e7-5706-4f83-b467-83d84adfbf70,Seth,O
2716e2b3-728a-4f6a-85f8-ff37620b777f,99,Destiny,051bfbdf-457b-455d-b5e8-06eb55b4e1f0,^h)rO+YujOy68O-TD<^vb3b.>6N.&oH3{&u!iQX+,2007-07-05,2016-03-24,b48b3808-ad59-42ad-9996-4caf0fdacb97,Cristian,{
79043484-271b-4ba7-ba37-b1eb1b1fff5c,64,Bryson,cba33f1b-1300-44c5-bf79-6b13413e1080,0|?l8esW!6=\Y=o}V+XU`T8.^>\toCn^}/(a{6)5,2007-08-06,2018-02-05,98ba8ceb-53ec-4161-b56c-74d13ac4a7fd,Ryan,8
c14d3aa9-8ea9-4b8a-851e-1a008739a7e5,39,Gage,6f8664c2-0990-4617-a0df-c574c51d0448,"K'$,?qD9OWT*u:-g?iy[IAo]mhyu@q:,^90zbSp]",2001-10-27,2017-11-05,d3b0608f-4f0e-4705-b936-cfceccf03dc9,Jalen,j
90a79eac-1a58-4521-ba39-867dda14aeab,81,Sierra,0811e239-dd45-4895-a1de-ed87c94a9242,w4%OW0-%G&-5b+s3:wJmQriomY|_SWB-lBR2vfM%,2010-07-01,2015-12-18,23c4d0c9-71e9-46a5-85c3-2ec7a4a3febd,Trinity,D
3d79f49d-ed4e-4df7-be38-81402b64ad24,68,Kathryn,bff9f4f2-e966-4a7c-9869-bc9f3c49d862,"VDI7}Rj9>p""^},gshU6Q\v\/t',<F3PCRqroTn\M",2004-02-20,2013-08-13,07c016d2-a8dc-4312-920b-3b16434b7f04,Erica,g
62680e5b-0137-476a-9453-b1e65d1b474a,44,Shane,15fac758-b286-40e4-9d31-c7f023fb37fc,"=cFZf6ExM4au$AS.""vkEoF@$+tc=@'s>819,j=iH",2012-05-27,2016-01-24,25084415-ee22-4b2b-93d2-af585ebade5b,Colby,B
f1eff56f-7e65-4d06-935b-98b759485bde,76,Elizabeth,6a2abe83-b44c-4eae-a4df-7639c958d4e4,v.-aTVVmsc<HDL'{V5OxW.+""@P`]Y@|BscQ<Ft>g,2004-12-31,2014-01-23,cdf8a503-2edd-4e39-b195-19f30ce843a1,Javier,8
0c2671f8-ba77-4621-b833-b02792f3ebad,83,Caroline,5a72a037-d4cd-46f3-9c5b-87f0732b63fc,kJ`H%R9e&A@)`+nfm>Fu19l$qR'%bS[yM^u|L&N7,2000-04-01,2013-07-07,70ab0507-f80a-4534-8534-5ec57b159c75,Maya,-
a7bd303b-040f-4ad2-ba59-6a84c26cdeba,62,Devin,a40f2ff9-a704-43a0-8aea-e26429e9a67d,"!H_?^oM+nx^Ey4V1,!}UU#\G'If,[HqTXi{YlU')",2001-06-16,2014-12-01,0e6180e3-0773-4162-8240-6d0ce110729f,Angela,7
71f18b92-809f-4d0a-ba78-56c997e2a615,22,Samantha,7fe1ff88-626a-4856-a515-f7044a823292,<)YRGhg&rR4ZppMqbt05y+Fo>k0$!sV!bdjcmIk_,2011-01-19,2018-04-06,fa7dc6b0-57fc-4dcc-83f7-cbda0dc70dfb,Braden,7
fb1f8f55-085e-49e2-acb6-75ca3a763ce3,32,Megan,77a89253-d127-4605-ae4d-e0ec1d853226,"UG1m>zU,2.X""`^)QrjG(oU+]eSBs(V`A^:Ci}/Mc",2010-08-15,2020-07-01,61f4edce-275e-4390-8241-8e7c39e29399,Julia,V
2b518ece-bbae-4445-b462-fc6b7ccc778b,20,Elias,cb833029-bf79-4764-bd45-6fb7ecce648f,"]co;t{d4)*KvWVj0928?hvnwp67N,r/]8OCm,b5L",2006-09-10,2020-06-16,5b155ba2-d5ca-4a77-922c-fee8d11da6c2,Evan,\
f6c158be-2c24-4695-bfad-09e03cafc820,33,Gracie,560c5a53-3b60-4f9c-a572-3450f5b67807,7uok`PS45a?mpsca18S`Zi5;d.$3|OPixVyHlNF=,2011-09-23,2018-09-12,6834df46-4beb-4bd5-9186-04fb77ad5124,Veronica,)
3cf583ec-3ea6-4101-b4bc-1a8822550efb,22,Leah,ea98c11f-b4ff-4334-94d7-0c2f233872b6,)u}`V/b08\([;P@MGL$w!jgLQ..p!_-yI#{>XO\z,2000-01-16,2015-01-04,a627fd41-d5c0-49b4-abee-f1390613f146,Dalton,S
2774a4af-e30f-458b-afd6-08c1ca0988ae,9,Bianca,d96a88c0-0dd0-421a-b0ba-d9d63d0598a4,\\)x-pK]G6Cf|x1+23'8pGDjke<v7a5f6`HzdMR-,2012-04-21,2017-11-02,6ae4dcd4-90c4-40bb-969d-3317326eaaef,Kylee,/
01d34066-9794-4334-a359-f9e4a8048a5c,1,Arianna,13db059a-705d-472e-90aa-45394705af55,aZhC{DC=3{9u-\Vu/pk_VR{R2o>_e)S^Zt3HMB/p,2006-05-23,2019-02-02,2d037801-c922-4c6a-a21b-8bd04d5d7393,Autumn,H
1b67b5f6-7467-4543-9cad-b3d7a2dfb331,5,Jorge,8073f541-6e90-48e7-972d-29d19eed5ccb,$KMkNLbF2d_8A\6\VgkFlB5kCVfA*#/B/7Ob+qM9,2001-10-06,2021-08-21,131ae3ba-39de-4a39-8741-bc9cbdfe9b9b,Zachary,j
855926e3-3cf9-4447-8b84-e504af3c3ee9,7,Max,c6125078-6edf-4308-acbf-b4e311608f67,ns#*|-0d#2<U5#3|/R^18+'/aYLQ!mfvOP*6/h#;,2007-07-24,2016-03-04,768169a0-7f11-4662-85f4-301fef23f5c7,Joshua,o
b0e53d30-b918-4c48-ae5c-0abfee427a51,0,Jared,b7487249-fbf0-446e-9987-837966ecd850,h+4b%=Y^!lkdtH_CnR9*]Ry`\Emev:-(fAiY&PZk,2008-12-24,2018-07-28,45752fd6-ad69-40ad-8a4d-15b1b9874c41,Javier,o
88ffe0aa-4c68-43a1-a7d9-4ca213a412e4,55,Mary,1812d8cb-5e13-4335-9124-40c06d691eef,e]J)3pd;S4EQ!|b*lIx]oyKE%y(X8g?jR{zo6<W#,2003-07-01,2013-10-09,20973a72-499f-4648-b67e-b5e05fe6cf87,Shelby,T
5240bf0e-7b1e-4f48-b368-879e394de0b1,41,Victoria,b58cc4e9-4126-49a4-a957-c10b83b33180,&eO=tOgttduiQH1^5HCLNNMaG)n4YRT>SOj3zrUq,2003-11-17,2019-02-02,7cf2b71c-fdca-4693-8e85-63c608a44df3,Devon,+
d8fe4ed0-5bea-4314-bad9-748cf91aba80,43,Caitlin,d3a05eb9-1a16-4f42-b925-920497068e58,"$\Gu,>yltA*Q?t.vwhd'rV;YTl,Se)*Mf_%*TNDX",2003-04-01,2022-04-04,2fd829f4-4a1d-4ccf-97bf-e6ab3e2d956d,Genesis,K
58ce67ea-2421-432c-8dc4-84795f95acd5,37,Andres,15dfe5cd-0b78-4c24-bf77-0888811ad779,Sr:""S0_ksQ""V0W2?Y?B;dl(5Qx7t""Gh]jBlX]q*C,2002-08-21,2016-12-19,1aac264b-7553-4627-b990-f4fbc651ee72,Preston,]
cfcf548f-e422-41fb-9ea1-305634c8770a,94,Gabrielle,0e09d7fc-e935-4bb0-b94e-1dd9d372f41a,8]EpX`Ld""wYPcL31oUytp%LC_q3DY2Fq|cA[OS#),2011-11-30,2015-08-25,8d9ee3b4-0848-4b95-b989-d862fdf2f78a,Charlotte,!
6a38ee8e-26c0-4ff7-b10c-fcb0ceb1c452,7,Bryan,baf02dc3-1c9e-4380-b4f9-17de7ce60ce2,INwB*^/y6=`</7HmxHLD_|.ng\<JP}=t.#cvc_40,2000-07-23,2016-10-17,808c29be-a4e9-46ef-be76-406fedee8775,Morgan,e
bfa9d396-49b2-44ea-91c5-e47c766329fc,98,Brooke,ffeaec55-3db8-4e90-a49a-3e48fe204639,](Fj|Bq`GSalm8xL:*ks""5d0D<jStY23Uf8Lt7eP,2004-02-28,2021-06-11,b457ccc8-ca90-4c25-aefc-d989299f0ea1,Bradley,L
3c5b905b-a204-423f-9869-c65638597c5b,55,Kimberly,2955ea64-494c-4654-9fcf-5af069345898,rBX1Yi?xXGO?%fX=9#kptf$y=y}.3lt4_Vs}ns}j,2011-11-02,2019-07-29,58c734f2-0dc8-4cef-9cd1-d62777e9848c,Jonah,J
597b66e1-c9b9-45df-af54-059b40b3fc8d,52,Tyler,86692e08-1501-4878-94bd-f5e683c487bf,.ll>(K#M+8!+tg_""+5ufC?[g[pvxl&Q-Lok<l6{m,2006-01-31,2014-08-14,2bc17c1a-62bd-4b95-85fa-6b02fb88dcc3,Bryan,*
1526b7c8-9e82-4ff3-92c5-c67b30209bce,85,Evan,e5f3aa09-27ff-46b4-b588-dcad7ea1f653,"7ctzQ=3YJmE\/5NuIg{""$LjW;cNUq!sN,l8I]jB4",2003-03-09,2013-09-18,04379d1a-24b5-4cd9-bb7d-100b6bbc0ddd,Micah,s
6308b350-9862-4de6-8e3e-3662934f4b59,6,Omar,571d57ff-55a2-46e1-8402-c5c504de4893,vcb-y2gNq3T6]y""G1#9H4vsjM{Ao.&%0LDi|s2*+,2002-01-02,2018-08-30,3804b0a8-0616-4412-b682-a5399dd38afe,Eli,a
398f7cc5-2304-4b59-8688-745c77c84159,16,Devon,df64dc8e-b3c1-4535-9a63-4c16f6eccdcc,"z%$fhSatEc_cE6`K;.5>Y|O+8,zO[AX=/ifK!7>[",2003-01-27,2016-07-18,6433290d-ec13-46c9-8d39-1512444654fe,Kaleb,+
a9ad3752-fc40-4e3d-b1c0-66c2d648104b,68,Max,0e49cbdb-8e39-4ca0-99b2-46e44f7fa828,5bqr>NOM!Ywx#]@T""=ga{.w{\-Fl>iQoA/{K=M`q,2002-01-05,2018-09-12,84c06d4e-5ae2-4b49-8cf8-c70e4cb12f89,Xavier,D
92fff821-3edb-48d3-ad9c-e6a88940cb8b,22,Xavier,9de9f2d9-b234-44c1-99c5-d375affbfe34,/)i!L2&isub[;?F.f|l>=atcL%H>2ajfx@Y}m(7@,2010-10-29,2013-11-04,5938b92c-9c1d-4d0c-8029-1f6d84105454,Edwin,G
6b9d68cc-3c96-4a35-bda3-b5e601c74e64,38,Arianna,8ee620a0-2af6-4045-83f5-5a71d1348362,T;70#!G]`qEi[<\fNA^0-<\wE<R}!R;^ZJfcF<8A,2002-08-25,2013-09-19,84c03dc5-3489-4fd3-81ff-2fb3acb2fd72,Briana,+
aa6e5f45-323a-41b3-8934-bb26e58464cf,40,Katie,014f36ed-4382-4469-982b-f5d5f4cc09bc,}D)px_m6[Eacf2$1Dv>gOS$T3q.H9v:t:uH|\2=O,2007-04-27,2014-05-25,f3019b8b-3121-4407-a22d-aab32b9eb5e5,Catherine,d
00197c48-6a8c-41cb-9b9b-25129bd1eacb,76,Peyton,4722663d-b70e-45ed-b546-e9c1925ded3e,"#0`0ZKOixX!WBL)5,E`=%}hpJh3C*N03FN'fj*SD",2006-12-03,2016-09-14,887c7c3c-0ec6-451f-ac20-35e080466cc3,David,0
96c742f3-554b-4bbd-b3e9-4c2be9790ec2,50,Vanessa,14aa781d-fccf-4bcc-bed5-b322c396406d,lF>""W6v[0PJ&*f69g=K./(44JiNGx9Xd;s2w3FBH,2006-11-22,2016-12-25,46274950-00cd-4b71-b46d-2db2e3484ce4,Dakota,)
c654b185-4813-41e3-a097-b335dd1317ee,90,Claire,b8525f84-6e97-4b77-9a61-52e41c699daa,w@1P^#UJs<j%nL<LKzjkBD>6Sp6q|ze9]P9526Vh,2010-04-12,2021-02-09,5f67043c-6254-4d02-9011-133cb4030755,Bradley,w
8efd3e52-ac48-4916-9b01-d47e68d94c0c,65,Jesse,b2c673a6-d5a3-42bf-9af8-a837da612e1a,r6rkr3kavd21@%t#wA[(}ziwhhI_F_-A$-cmaiHO,2009-10-05,2016-03-16,30279525-4379-437f-9ad1-9d692dd0c966,Margaret,7
60f477fd-b47b-40dd-bbf9-d53eec6e037c,40,Jennifer,d11e8c4c-17e4-457f-8ddf-1edb2b456073,ZaA3B;>Y-C\vmTR'ik|0v#@I<3x!mTAp>)zT=OfL,2005-04-29,2020-10-21,d3ab979b-8cdd-4bed-bd5d-1db12c5dfd53,Erick,e
04794a57-5dc9-4d4c-9ea3-73205701a657,63,Erin,13f07bae-9a1e-4c6c-b7b1-e8198cbe09c7,_/{=`D**|0NS2`drjQ0jyx\LoF8W42FisA""h)R}b,2012-08-26,2021-09-12,9e5b7d76-37b1-4f9e-8062-59cbf503eb7d,Melanie,F
3ff337cb-c2a5-41d8-a31b-59fdd883021f,78,Ashley,c6b51d18-cd93-4acb-b531-e5b945e4765a,5F4^||b'y5(C""Wj\(Hk#({?B'oV9$t![m!HhGF<5,2005-10-03,2014-12-18,6f20a669-2225-4c31-a4ea-dff0bc4361c0,Ricardo,B
03ed2421-2c29-4067-8fd5-075381070bc9,83,Julia,97a1aa6f-6237-48bd-87c0-e40b7ae1ccbd,"zmwFt_2f[)/1vCO9V:}Q8r}sc1(l#33?>,A'_13C",2010-10-31,2021-04-15,c76d576b-f6f1-4460-aa3b-27d085fdda36,Zoe,/
35aa7593-4b2e-4102-b9d6-6984b7d76d38,68,Peyton,675e0251-8be6-4138-ae10-364a1f337150,kho@<tx33cx%4zm!YP<$'BI56:?pKEN@aMSc.1;=,2005-01-31,2016-02-08,4d01b9e6-eaaa-46f8-9525-abd44af90796,Bryce,K
b4d83800-e954-4ff1-8d11-11ee07a08bf8,24,Ashlyn,3c2b10dc-5b78-4209-9679-058c1e75de6e,"+OO9E2WtgE,wu,Vbt7j&Oi;B2>b2?qT!-ddv=|>G",2006-05-23,2020-04-01,6e6a475d-c819-4394-9ec4-09ce4650fc0a,Riley,e
21209e3a-13b6-44ac-8ea4-3d02d3a380e4,69,Brandon,dbaab13e-9ded-4848-b293-2f61964b0ece,&7j$Aobdi`F[joyfapKN6&L`ME[EFa5c=GtnBGzG,2000-10-19,2017-12-12,e6dc323c-2c74-4b10-86b4-dd39dee7e5e2,Tanner,j
940ca533-0bac-42cb-9385-988e1c0d3326,47,Alexandria,7208ace4-4969-4c0f-a797-7c8ae5a2454c,"k$gMC\4*Zxy*95\0QdNnsG1l$Cvi+0$m,vEeDpry",2003-04-04,2017-04-05,e6e5ee18-d10a-4759-9edb-0b7c0c24d2f3,Kimberly,/
7d35189a-a8b3-4a8e-898a-62898803065d,78,Serenity,77d5644f-84ca-42e0-b06e-3e3e22df4efa,JKf%%FO/Mt.q{C(!3r$S*PFhfZLQ40M]2-82+D2y,2004-04-24,2020-12-04,a081b27f-a858-465e-a083-94cf6b46e744,Kayla,y
a0d5dcf0-6ee6-48e3-9bef-5f8eb230bce0,56,Kendall,25b2d060-7ab0-4f28-9cf3-c575cdc213fb,k(#T^J`k0/E#]""nOx99CX{q|lbt]jEW&}1zgu2^t,2005-10-12,2018-02-09,145a042f-3812-4b01-a649-470f6dc0017a,Jalen,d
7c4f74c6-0d3b-4388-8a58-5ae457b26114,4,Malachi,ae5eb3ca-ffc7-40be-9df2-ca4e4de63a2b,r7P%'Dt{$12-y*}gh{@8n<0{U)wW*K.|Kl2]Y%.1,2001-03-12,2019-06-10,b2b6b9b8-e34d-4f75-84c6-e8f56cfe3fe3,Layla,.
2dae7e01-a74f-4969-a15c-bebb2d051435,15,Hailey,ebe67eb1-17d0-46ec-aa37-0009fd321c13,YjJ3ux<=P#K\CKoUa}!;=q4*Q=u1MJsZl{IT)?9%,2011-08-17,2015-01-14,86e21c6b-6a8b-4ae1-9be4-d89a8628c713,Connor,A
ac25158d-8df2-46d9-9bee-2613bdeff718,42,Collin,4e8c7c88-45d3-4650-a396-cf6ae12ab19f,+^U7%Z/n.ZE+Mre-x-+_.o?tWceNW^W5ONFvGBi[,2011-04-15,2017-06-27,83793d74-9c18-466a-ab15-65267b623698,Charles,L
a5f65468-ef4a-4067-b25b-f4b08c21a1cb,76,Luis,1c5deb2e-59a8-4e89-bd7c-12590195c4ad,"rf6#lM}\eJwh\3<3$}w5LBHXA3=db,/gn&}A<);{",2001-12-26,2022-03-21,fe745c6e-f0fc-48ad-a764-0d02004fdfdd,Victor,g
55a91676-4eeb-4f95-a3db-2ae3b3af3cc8,36,Collin,12af72a0-39b0-4555-aa2e-f11687bb5268,Y*^cQii\k(*V|:fO+dK0N0i;p5xfvM:KS/3gvz9S,2007-12-12,2017-08-24,8aef5e1a-d815-43e9-a520-5e612214049e,Leslie,e
9d639f5a-d53b-4632-bc6d-ced6f0db2fe8,40,Nathaniel,f42adf49-4792-40e5-be9c-a745db0dc0c5,")r6(!n<HZ!PgT**&MvFS>uSan2:,vkHu5q""+Ow(*",2011-07-15,2021-08-03,f7264e7f-b37a-4c51-8650-ed5854091867,Zachary,P
1d1a36d9-e231-4726-ad0f-590d478a35e5,30,Lucas,b10a1c72-cd69-4086-9656-a3100c7533df,G0CNW^Br&i[a8l/ZD;@D{nF'E.6AQrculCCxbmi!,2009-10-11,2020-01-08,03ba78e5-cfdb-4022-bea1-ec1ef9ec5418,Camila,j
68885c6c-7bc2-40d0-940b-f11a967d0fbb,6,Martin,1d20e21b-9d77-4fed-80e4-fcfc29621fd1,%/HBw^.VzZF0L#^3[1C7N+lfQ1@`:*?g\I6K6J%=,2005-05-15,2017-09-06,83bbc36e-3def-4ddc-9715-835f3fbe040b,Alyssa,9
21023ea2-7716-4b57-92b9-46e71646b4fb,65,Erica,da0a9c8a-889b-4c5e-8301-9b10ec2c3818,"Mhdn`7Dqs7!w2+\#)aXzJeGz,7:jU4PHX'P9k7A;",2001-02-03,2017-07-23,0209fcd9-8510-43ec-852d-c630df015fa9,Victor,b
121f8bba-d48b-488d-a5c9-62eae9541de0,7,Amanda,db77f8a5-8b7a-4c90-b139-f5cde586d929,uz6#n|)lrD*)\aG7{iVLw9_tW|0}5!HO_X0M.qxB,2009-10-02,2019-02-12,2ad4b007-50e9-4633-9ac0-d3b5e6824a52,Derek,W
7da3cd36-4c59-4da3-b2c1-f596d3411308,93,Jocelyn,52c536d5-154d-4240-9c74-e7cd5c7f02dc,j$IqlQO>.qjA7kXn@hj6Is8g`LjX{Ur}BG1=F(y),2006-04-05,2018-11-16,90377787-8772-4499-9ef0-446cc590193a,Stephanie,=
9c100056-4ea5-47f2-ace1-0226c326e072,40,Summer,06fc3396-30ee-4fff-a4f8-a3e2df1fb2f7,hed^xeOb)]4<%{H%Lv]LBT8*ZIR>{y]N;X];7tFV,2002-04-08,2015-10-18,d89d037a-ca91-4e93-af0c-972db62f5074,Aidan,`
7344471b-3550-4d54-8007-92b0a2009c23,30,Karina,5e356f86-a382-47f4-a568-307374ec56aa,"*e]xZIMlU+.7]kkH4lUQY/(f:J(yp.}5oprb],d2",2008-11-19,2016-05-09,125bb965-7eb2-4db9-b160-475935d263df,Kelsey,\
2ad63514-9644-43fc-b77b-f7daa5dd8823,53,Sofia,2e31a227-a28f-4c80-9975-d64eb51b7292,a'<YVw<9h|p>gjVyS(V$)iRQXb-Og$AkM&k8F`}c,2007-02-01,2014-08-30,3cb87aad-6fa9-4d5b-8e1a-8e6285deea7e,Sabrina,C
cfc4f90f-27ac-49a7-844e-d09b362070df,16,Henry,fd197e2c-3c6b-4516-8098-769d175a199a,Q-(b#gY6ibb;*'>y'@C94.J""0tzS4($owfx|_&O[,2009-11-29,2022-08-04,d06506bc-c4b5-4b4b-a9be-70be71373569,Amanda,;
363c38ca-ce8f-4cab-824f-6a92b595856a,65,Skylar,3b3e2582-dce3-4429-ab5e-82b4084ea99e,"VN=H*0`pv3}2e$9r+,UA7Z'Y>C!l./Vrqc""*@Z*>",2006-07-05,2022-11-26,5a874431-fe87-4180-a134-14e4496eb1e3,Brittany,`
0b9002f0-fbc2-4b60-90ee-d1c823c76286,9,Ian,f2aa8ee3-aba6-409d-9c10-063119783975,w@2!WB}XaMR9u3ZrdQiM2sS?1@1c]VpK(%ln`K3G,2004-08-12,2015-12-16,3be0ddba-ebf6-47af-b137-7b3ac2a10852,Brooklyn,v
03fc0b60-5dd7-47b6-922e-ad098fec17ce,0,Brianna,3ba3d583-314d-4446-8df6-2d9fe017e356,"01s5lio#bOHTit$#I|b=7yFGD5-Qs,=tj&>!M7{X",2006-10-27,2016-03-05,83add10c-b4bc-4dcb-9162-695d3726cfcf,Brooklyn,s
46db14b0-8738-4d8c-840b-3b4c9cf3161e,8,Benjamin,4d7b8496-5b59-4686-9969-54a0543dd7e9,"&j,`i>r|<9qWKr3$qZ""Y3I|H0'nqU1=s`BL+D$s]",2010-03-04,2020-04-26,f3ff207f-d8df-4c56-8ff4-13e1612aac3a,Ellie,X
7428aeca-ad02-48bf-9375-45b9dc0a3747,96,Jack,56764cc2-f793-484b-9090-95088c2a0f71,"Vw&d^Xq,L6qIjwBz`n3I{vFy{rInRu*Bw9gGu)Cr",2012-01-01,2020-11-23,477f6a66-70e6-4000-ac57-4b0acc056ce0,Steven,m
